"","YEAR","PRIMARY_SAMPLE_UNIT","lat","lon"
"1",2024,"1000",24.53086,-81.87196
"2",2024,"1001",24.5845,-81.58299
"3",2024,"1002",24.51329,-81.92823
"4",2024,"1005",24.75092,-80.92047
"5",2024,"1006",24.96343,-80.54371
"6",2024,"1007",24.97615,-80.53717
"7",2024,"1008",25.14653,-80.36194
"8",2024,"1009",25.33015,-80.23357
"9",2024,"1010",25.71774,-80.116
"10",2024,"1012",24.55903,-81.50763
"11",2024,"1013",24.57956,-81.43365
"12",2024,"1015",24.49642,-81.73317
"13",2024,"1017",24.46994,-81.97912
"14",2024,"1018",24.5479,-81.52922
"15",2024,"1019",24.5623,-81.49341
"16",2024,"1020",24.56356,-81.47892
"17",2024,"1022",24.54574,-81.56443
"18",2024,"1023",24.57977,-81.44259
"19",2024,"1024",24.46666,-82.00258
"20",2024,"1025",24.46708,-81.95715
"21",2024,"1026",24.53488,-81.60772
"22",2024,"1027",24.59182,-81.37772
"23",2024,"1028",24.50813,-81.74502
"24",2024,"1030",24.53116,-81.60685
"25",2024,"1031",24.69533,-80.99591
"26",2024,"1032",24.67942,-81.01282
"27",2024,"1033",24.7039,-80.99354
"28",2024,"1034",24.65322,-81.15993
"29",2024,"1035",24.94441,-80.54507
"30",2024,"1036",24.89672,-80.61926
"31",2024,"1037",25.26567,-80.24751
"32",2024,"1038",25.06914,-80.39492
"33",2024,"1039",25.26877,-80.24578
"34",2024,"1040",25.0419,-80.4249
"35",2024,"1041",25.28109,-80.24487
"36",2024,"1042",25.41101,-80.14757
"37",2024,"1043",25.36642,-80.1743
"38",2024,"1044",25.34704,-80.19814
"39",2024,"1045",25.47481,-80.1526
"40",2024,"1046",25.45749,-80.15923
"41",2024,"1047",25.33776,-80.19815
"42",2024,"1048",25.39076,-80.16371
"43",2024,"1049",25.41967,-80.16181
"44",2024,"1050",25.34528,-80.16637
"45",2024,"1051",25.47486,-80.15582
"46",2024,"1052",25.48109,-80.14621
"47",2024,"1053",25.37877,-80.17024
"48",2024,"1054",25.35266,-80.18668
"49",2024,"1055",25.36047,-80.16088
"50",2024,"1056",25.39902,-80.15926
"51",2024,"1057",25.35562,-80.17794
"52",2024,"1058",25.38047,-80.15696
"53",2024,"1059",25.46333,-80.15057
"54",2024,"1060",25.484,-80.12811
"55",2024,"1061",25.42358,-80.15806
"56",2024,"1062",25.40118,-80.15774
"57",2024,"1063",25.51333,-80.13353
"58",2024,"1064",25.46756,-80.14914
"59",2024,"1065",25.42063,-80.15912
"60",2024,"1066",24.47446,-81.80095
"61",2024,"1068",24.45458,-81.94784
"62",2024,"1070",24.4903,-81.72758
"63",2024,"1073",24.6976,-80.95932
"64",2024,"1074",24.57778,-81.28513
"65",2024,"1075",24.95661,-80.49323
"66",2024,"1076",24.95341,-80.49704
"67",2024,"1077",25.02662,-80.38274
"68",2024,"1078",25.02419,-80.40549
"69",2024,"1079",25.30483,-80.21398
"70",2024,"1080",25.15283,-80.26441
"71",2024,"1081",25.17809,-80.25999
"72",2024,"1082",25.16108,-80.26153
"73",2024,"1083",25.03247,-80.38028
"74",2024,"1084",25.1406,-80.28666
"75",2024,"1085",24.99178,-80.42973
"76",2024,"1086",25.03332,-80.35977
"77",2024,"1087",24.98839,-80.46823
"78",2024,"1088",25.15637,-80.2597
"79",2024,"1089",25.36228,-80.15385
"80",2024,"1090",25.49311,-80.12209
"81",2024,"1091",25.4836,-80.12152
"82",2024,"1092",24.53029,-81.49185
"83",2024,"1093",24.45834,-81.91604
"84",2024,"1095",24.54685,-81.45883
"85",2024,"1096",24.47262,-81.77247
"86",2024,"1097",24.54213,-81.47802
"87",2024,"1098",24.54994,-81.43289
"88",2024,"1099",24.45579,-81.96033
"89",2024,"1100",24.44932,-81.91062
"90",2024,"1101",24.48998,-81.66831
"91",2024,"1102",24.50607,-81.61976
"92",2024,"1103",24.45098,-82.00087
"93",2024,"1104",24.52495,-81.56814
"94",2024,"1106",24.55578,-81.44227
"95",2024,"1108",24.53835,-81.45335
"96",2024,"1109",24.52243,-81.52897
"97",2024,"1110",24.66989,-80.97535
"98",2024,"1111",24.65265,-81.03667
"99",2024,"1112",24.60732,-81.18012
"100",2024,"1113",24.58152,-81.27699
"101",2024,"1115",24.58326,-81.26504
"102",2024,"1117",24.58447,-81.28712
"103",2024,"1118",24.65109,-81.04016
"104",2024,"1119",24.66633,-80.9892
"105",2024,"1120",24.6765,-80.95002
"106",2024,"1121",24.57447,-81.30054
"107",2024,"1122",24.74455,-80.7837
"108",2024,"1123",24.57545,-81.29387
"109",2024,"1124",24.70158,-80.88849
"110",2024,"1125",24.65065,-81.03299
"111",2024,"1126",24.88479,-80.55789
"112",2024,"1127",24.89293,-80.55669
"113",2024,"1128",24.93925,-80.4849
"114",2024,"1129",24.84448,-80.62957
"115",2024,"1130",24.93624,-80.49131
"116",2024,"1131",24.93772,-80.48956
"117",2024,"1132",24.8194,-80.67533
"118",2024,"1133",24.83273,-80.6767
"119",2024,"1135",25.02842,-80.392
"120",2024,"1136",25.13035,-80.28673
"121",2024,"1137",24.9952,-80.40905
"122",2024,"1138",25.22929,-80.22352
"123",2024,"1139",25.13162,-80.26658
"124",2024,"1140",24.98216,-80.42329
"125",2024,"1141",25.09946,-80.30873
"126",2024,"1142",25.02351,-80.37308
"127",2024,"1143",25.15509,-80.25657
"128",2024,"1144",25.15101,-80.29277
"129",2024,"1145",25.08492,-80.30961
"130",2024,"1146",25.24774,-80.21898
"131",2024,"1147",25.49154,-80.11181
"132",2024,"1148",25.72724,-80.10211
"133",2024,"1149",25.46292,-80.1279
"134",2024,"1150",25.33076,-80.18352
"135",2024,"1151",25.67068,-80.09954
"136",2024,"1152",25.29789,-80.16869
"137",2024,"1153",25.5191,-80.10515
"138",2024,"1154",25.59177,-80.10587
"139",2024,"1155",24.5528,-81.38388
"140",2024,"1156",24.50423,-81.59978
"141",2024,"1157",24.45515,-81.95119
"142",2024,"1158",24.44742,-81.91435
"143",2024,"1161",24.52065,-81.52703
"144",2024,"1162",24.49641,-81.73316
"145",2024,"1164",24.48439,-81.69313
"146",2024,"1165",24.64973,-81.03522
"147",2024,"1166",24.6516,-81.02555
"148",2024,"1167",24.93226,-80.48569
"149",2024,"1168",24.89125,-80.55375
"150",2024,"1169",25.18531,-80.24706
"151",2024,"1170",25.07857,-80.31761
"152",2024,"1171",25.05569,-80.33155
"153",2024,"1172",25.02288,-80.36289
"154",2024,"1173",24.96815,-80.44742
"155",2024,"1175",24.99092,-80.41048
"156",2024,"1176",24.97262,-80.43063
"157",2024,"1177",25.70647,-80.09837
"158",2024,"1178",25.40375,-80.12844
"159",2024,"1179",25.50327,-80.10605
"160",2024,"1180",25.72561,-80.1009
"161",2024,"1181",25.44335,-80.12004
"162",2024,"1182",25.54391,-80.1013
"163",2024,"1183",25.4632,-80.12595
"164",2024,"1184",25.65869,-80.09701
"165",2024,"1185",25.56273,-80.10559
"166",2024,"1186",25.63599,-80.09371
"167",2024,"1187",24.556,-81.35731
"168",2024,"1188",24.52045,-81.52336
"169",2024,"1189",24.56458,-81.32228
"170",2024,"1190",24.76635,-80.73061
"171",2024,"1191",24.61987,-81.10787
"172",2024,"1193",24.67668,-80.94246
"173",2024,"1194",24.64003,-81.05491
"174",2024,"1195",24.60618,-81.18214
"175",2024,"1196",24.79804,-80.68668
"176",2024,"1197",24.87213,-80.57262
"177",2024,"1198",25.17223,-80.23188
"178",2024,"1199",24.99298,-80.40485
"179",2024,"1200",25.00602,-80.38368
"180",2024,"1201",25.71822,-80.09061
"181",2024,"1202",25.33896,-80.15269
"182",2024,"1204",24.49036,-81.6618
"183",2024,"1205",24.51694,-81.53231
"184",2024,"1206",24.50646,-81.57396
"185",2024,"1207",24.52986,-81.47404
"186",2024,"1208",24.52848,-81.48833
"187",2024,"1209",24.65654,-81.00363
"188",2024,"1210",24.59508,-81.20722
"189",2024,"1211",24.7361,-80.80549
"190",2024,"1212",24.63585,-81.07083
"191",2024,"1213",24.63466,-81.07437
"192",2024,"1214",24.6096,-81.14889
"193",2024,"1215",24.60283,-81.18414
"194",2024,"1216",24.87737,-80.56863
"195",2024,"1217",24.88554,-80.55279
"196",2024,"1218",24.94575,-80.45961
"197",2024,"1219",25.13796,-80.25864
"198",2024,"1220",25.13975,-80.25841
"199",2024,"1221",25.09857,-80.29473
"200",2024,"1222",24.97211,-80.44052
"201",2024,"1223",25.11341,-80.28264
"202",2024,"1224",25.13862,-80.2577
"203",2024,"1225",25.17589,-80.22959
"204",2024,"1226",25.41629,-80.12394
"205",2024,"1227",25.40632,-80.12571
"206",2024,"1228",25.51726,-80.09988
"207",2024,"1229",25.4101,-80.12639
"208",2024,"1230",25.35409,-80.14959
"209",2024,"1231",25.67453,-80.09106
"210",2024,"1232",25.58779,-80.09237
"211",2024,"1233",25.72458,-80.09912
"212",2024,"1234",25.61465,-80.09364
"213",2024,"1235",24.43405,-81.98298
"214",2024,"1236",24.44004,-81.8769
"215",2024,"1237",24.44529,-81.98013
"216",2024,"1238",24.46825,-81.73119
"217",2024,"1239",24.73187,-80.79988
"218",2024,"1240",24.61822,-81.12805
"219",2024,"1241",24.94521,-80.46517
"220",2024,"1243",24.96587,-80.44207
"221",2024,"1244",25.2114,-80.2087
"222",2024,"1245",25.74764,-80.08793
"223",2024,"1246",25.67087,-80.08851
"224",2024,"1247",24.53972,-81.42222
"225",2024,"1248",24.44228,-81.97007
"226",2024,"1251",24.49096,-81.65364
"227",2024,"1252",24.55587,-81.34899
"228",2024,"1253",24.50364,-81.55466
"229",2024,"1254",24.5113,-81.54078
"230",2024,"1255",24.54245,-81.40666
"231",2024,"1256",24.44279,-81.87974
"232",2024,"1257",24.4413,-81.86465
"233",2024,"1258",24.48239,-81.65946
"234",2024,"1259",24.46163,-81.75029
"235",2024,"1260",24.50106,-81.56212
"236",2024,"1261",24.46599,-81.78592
"237",2024,"1262",24.66183,-80.98244
"238",2024,"1263",24.57027,-81.29242
"239",2024,"1264",24.7277,-80.80288
"240",2024,"1266",24.7306,-80.79842
"241",2024,"1267",24.58652,-81.23231
"242",2024,"1268",24.86054,-80.58731
"243",2024,"1269",24.8393,-80.62691
"244",2024,"1271",24.8851,-80.55144
"245",2024,"1272",24.95809,-80.44781
"246",2024,"1273",24.8674,-80.57699
"247",2024,"1274",25.25847,-80.18289
"248",2024,"1275",25.00566,-80.3761
"249",2024,"1276",25.00768,-80.37259
"250",2024,"1277",25.13612,-80.25851
"251",2024,"1278",25.02253,-80.35717
"252",2024,"1279",25.27596,-80.17219
"253",2024,"1280",25.17331,-80.22882
"254",2024,"1281",25.22738,-80.20068
"255",2024,"1282",25.16462,-80.23611
"256",2024,"1283",25.00451,-80.37646
"257",2024,"1284",25.66115,-80.08841
"258",2024,"1285",25.3973,-80.12809
"259",2024,"1286",25.58778,-80.09065
"260",2024,"1287",25.69383,-80.08778
"261",2024,"1288",25.48626,-80.10464
"262",2024,"1289",25.63886,-80.0885
"263",2024,"1290",24.61551,-81.38896
"264",2024,"1291",24.61588,-81.39336
"265",2024,"1292",24.55295,-81.69151
"266",2024,"1293",24.5521,-81.693
"267",2024,"1296",24.93746,-80.54674
"268",2024,"1297",24.93484,-80.54902
"269",2024,"1298",24.90413,-80.615
"270",2024,"1300",24.56673,-81.39084
"271",2024,"1301",24.56665,-81.39101
"272",2024,"1302",24.48816,-81.72262
"273",2024,"1303",24.493,-81.71361
"274",2024,"1304",25.20877,-80.21963
"275",2024,"1305",25.20891,-80.21903
"276",2024,"1306",25.12484,-80.29844
"277",2024,"1307",25.12191,-80.29804
"278",2024,"1308",25.11096,-80.30402
"279",2024,"1309",25.11428,-80.30344
"280",2024,"1310",24.5464,-81.41086
"281",2024,"1311",24.55129,-81.40752
"282",2024,"1312",24.49302,-81.66352
"283",2024,"1313",24.49436,-81.6585
"284",2024,"1314",24.48253,-81.70039
"285",2024,"1315",24.48296,-81.70968
"286",2024,"1317",24.45826,-81.84637
"287",2024,"1320",24.45983,-81.87452
"288",2024,"1321",24.4598,-81.87481
"289",2024,"1322",24.76487,-80.75495
"290",2024,"1323",24.76801,-80.75091
"291",2024,"1324",24.68633,-80.96385
"292",2024,"1325",24.68321,-80.9727
"293",2024,"1326",24.62592,-81.10754
"294",2024,"1327",24.62528,-81.10988
"295",2024,"1328",24.95006,-80.46013
"296",2024,"1329",24.95659,-80.45895
"297",2024,"1330",24.92675,-80.50402
"298",2024,"1332",24.84717,-80.62364
"299",2024,"1333",24.84936,-80.61837
"300",2024,"1334",25.22668,-80.20502
"301",2024,"1335",25.22805,-80.21551
"302",2024,"1336",25.14432,-80.26057
"303",2024,"1337",25.14147,-80.26066
"304",2024,"1338",25.03813,-80.35044
"305",2024,"1339",25.03604,-80.3497
"306",2024,"1340",25.01277,-80.37681
"307",2024,"1341",25.01255,-80.38017
"308",2024,"1342",24.55245,-81.40273
"309",2024,"1343",24.54432,-81.4103
"310",2024,"1344",24.49195,-81.66519
"311",2024,"1345",24.49128,-81.66385
"312",2024,"1346",24.48116,-81.70689
"313",2024,"1347",24.48342,-81.70089
"314",2024,"1349",24.46097,-81.84156
"315",2024,"1350",24.45452,-81.86016
"316",2024,"1351",24.45548,-81.85966
"317",2024,"1352",24.45405,-81.87558
"318",2024,"1353",24.45346,-81.87549
"319",2024,"1354",24.68186,-80.97306
"320",2024,"1355",24.62542,-81.11232
"321",2024,"1356",24.62593,-81.1119
"322",2024,"1357",24.95273,-80.45789
"323",2024,"1358",24.9532,-80.45792
"324",2024,"1359",24.92536,-80.50266
"325",2024,"1360",24.92125,-80.50452
"326",2024,"1361",24.84637,-80.62299
"327",2024,"1362",24.84981,-80.61716
"328",2024,"1363",25.22125,-80.20695
"329",2024,"1364",25.22039,-80.21117
"330",2024,"1365",25.13933,-80.25957
"331",2024,"1366",25.14108,-80.25801
"332",2024,"1367",25.10677,-80.30501
"333",2024,"1368",25.03717,-80.34653
"334",2024,"1369",25.03546,-80.34754
"335",2024,"1370",25.013,-80.37091
"336",2024,"1371",25.01343,-80.36956
"337",2024,"1372",24.95131,-80.45762
"338",2024,"1373",24.9526,-80.45609
"339",2024,"1374",24.84438,-80.62182
"340",2024,"1375",25.20423,-80.21751
"341",2024,"1376",25.21299,-80.21388
"342",2024,"1377",25.01669,-80.36726
"343",2024,"1378",24.54253,-81.40983
"344",2024,"1379",24.54274,-81.40787
"345",2024,"1380",24.47941,-81.71021
"346",2024,"1381",24.47847,-81.71773
"347",2024,"1382",24.45083,-81.87974
"348",2024,"1383",24.45091,-81.87213
"349",2024,"1384",24.62494,-81.10707
"350",2024,"1385",24.62098,-81.11491
"351",2024,"1386",24.95226,-80.4515
"352",2024,"1387",24.95004,-80.45431
"353",2024,"1388",24.92277,-80.50263
"354",2024,"1389",24.84229,-80.6233
"355",2024,"1390",25.20499,-80.21459
"356",2024,"1391",25.20192,-80.21719
"357",2024,"1392",25.03673,-80.34548
"358",2024,"1393",25.03498,-80.3463
"359",2024,"1394",25.0073,-80.37529
"360",2024,"1395",25.01387,-80.36854
"361",2024,"1396",24.47744,-81.72008
"362",2024,"1397",24.47787,-81.71698
"363",2024,"1398",25.20461,-80.21297
"364",2024,"1399",25.20891,-80.2167
"365",2024,"1401",24.53044,-81.873
"366",2024,"1411",24.52246,-81.65765
"367",2024,"1421",24.51829,-81.61917
"368",2024,"1444",25.34977,-80.18593
"369",2024,"1447",25.36388,-80.18706
"370",2024,"1448",25.36961,-80.17346
"371",2024,"1455",25.39288,-80.17099
"372",2024,"1456",25.36982,-80.15343
"373",2024,"1457",25.47532,-80.14076
"374",2024,"1470",24.52602,-81.53895
"375",2024,"1507",24.50521,-81.61752
"376",2024,"1533",24.83699,-80.6351
"377",2024,"1548",25.60906,-80.10007
"378",2024,"1558",24.48884,-81.68594
"379",2024,"1564",24.54153,-81.43008
"380",2024,"1565",24.66646,-80.98276
"381",2024,"1566",24.63585,-81.07132
"382",2024,"1574",25.18495,-80.24738
"383",2024,"1585",25.43797,-80.12157
"384",2024,"1615",24.60907,-81.15781
"385",2024,"1616",24.84438,-80.61662
"386",2024,"1618",24.82297,-80.65191
"387",2024,"1630",25.43166,-80.11882
"388",2024,"1641",24.93534,-80.48026
"389",2024,"1647",24.4795,-81.66627
"390",2024,"1650",24.43209,-81.98711
"391",2024,"1669",24.84353,-80.61657
"392",2024,"1671",24.86933,-80.57201
"393",2024,"1672",24.93378,-80.47624
"394",2024,"1687",25.43734,-80.11559
"395",2024,"1723",24.76756,-80.74998
"396",2024,"1747",24.48198,-81.70096
"397",2024,"1757",24.95137,-80.45888
"398",2024,"1780",24.47897,-81.71249
"399",2024,"1900",24.64956,-81.03543
"400",2024,"1901",25.62121,-80.10379
"401",2024,"1902",25.40458,-80.14378
"402",2024,"1903",25.45385,-80.12994
"403",2024,"1904",25.43694,-80.14529
"404",2024,"1905",25.36323,-80.16791
"405",2024,"1906",25.52393,-80.13129
"406",2024,"1907",25.51553,-80.1276
"407",2024,"1908",25.39833,-80.16024
"408",2024,"1909",25.61332,-80.12494
"409",2024,"1910",25.62388,-80.09934
"410",2024,"1911",25.62949,-80.10225
"411",2024,"1912",25.32405,-80.18047
"412",2024,"1913",25.56517,-80.10312
"413",2024,"1914",25.32374,-80.18326
"414",2024,"1915",25.48038,-80.11614
"415",2024,"1916",25.46918,-80.12778
"416",2024,"1917",25.46097,-80.12051
"417",2024,"1918",25.46504,-80.12836
"418",2024,"1919",25.43932,-80.12057
"419",2024,"1920",25.53217,-80.10242
"420",2024,"1921",25.37279,-80.13906
"421",2024,"1922",25.45187,-80.1227
"422",2024,"1923",25.56957,-80.10228
"423",2024,"1924",25.37166,-80.13958
"424",2024,"1925",25.62013,-80.09364
"425",2024,"1926",25.45575,-80.11504
"426",2024,"1927",25.46733,-80.11436
"427",2024,"1928",25.46172,-80.11543
"428",2024,"1929",25.39421,-80.13296
"429",2024,"1930",25.56248,-80.10524
"430",2024,"1931",25.44259,-80.11682
"431",2024,"1932",25.43863,-80.1179
"432",2024,"1933",25.55843,-80.09648
"433",2024,"1934",25.43784,-80.11659
"434",2024,"1935",25.41249,-80.12469
"435",2024,"1936",25.6146,-80.09151
"436",2024,"1937",25.60037,-80.09106
"437",2024,"1938",25.46918,-80.1096
"438",2024,"1939",25.43787,-80.11774
"439",2024,"1940",25.33746,-80.14858
"440",2024,"1941",25.37126,-80.13756
"441",2024,"1942",25.50136,-80.10164
"442",2024,"1943",25.43774,-80.11607
"443",2024,"1944",25.50514,-80.09964
"444",2024,"1945",25.57505,-80.09101
"445",2024,"8001",25.43398,-80.19298
"446",2024,"8002",24.61359,-81.39339
"447",2024,"8003",25.46825,-80.15861
"448",2024,"8004",25.51022,-80.13598
"449",2024,"8005",24.61461,-81.39344
"450",2024,"8006",25.33777,-80.19982
"451",2024,"8007",24.61588,-81.39077
"452",2024,"8008",25.34428,-80.16349
"453",2024,"8009",24.61422,-81.39231
"454",2024,"8010",25.34028,-80.1979
"455",2024,"8011",25.40885,-80.16865
"456",2024,"8012",24.8968,-80.6185
"457",2024,"8013",24.89682,-80.61996
"458",2024,"8014",25.36695,-80.1766
"459",2024,"8015",25.34832,-80.16493
"460",2024,"8016",25.49174,-80.14422
"461",2024,"8017",24.89635,-80.61804
"462",2024,"8018",24.89683,-80.61708
"463",2024,"8019",24.89686,-80.62049
"464",2024,"8020",24.89727,-80.62143
"465",2024,"8021",24.89732,-80.6184
"466",2024,"8022",25.36762,-80.16458
"467",2024,"8024",25.35166,-80.15875
"468",2024,"8025",25.36376,-80.16738
"469",2024,"8026",25.41063,-80.15504
"470",2024,"8027",25.44931,-80.15816
"471",2024,"8028",25.44106,-80.14202
"472",2024,"8029",25.40926,-80.1536
"473",2024,"8030",25.46142,-80.14139
"474",2024,"8031",25.60257,-80.12409
"475",2024,"8032",25.45508,-80.14896
"476",2024,"8033",25.35176,-80.16001
"477",2024,"8034",25.39265,-80.14636
"478",2024,"8035",25.51712,-80.12957
"479",2024,"8036",25.40705,-80.15898
"480",2024,"8037",25.37494,-80.17079
"481",2024,"8038",25.36146,-80.15943
"482",2024,"8039",25.37267,-80.16184
"483",2024,"8040",25.3391,-80.19251
"484",2024,"8042",25.42325,-80.14719
"485",2024,"8043",25.47197,-80.13164
"486",2024,"8045",25.36101,-80.18077
"487",2024,"8046",25.42046,-80.14711
"488",2024,"8047",25.50093,-80.134
"489",2024,"8048",25.22432,-80.20955
"490",2024,"8049",25.39025,-80.16321
"491",2024,"8050",25.21132,-80.21951
"492",2024,"8051",25.36484,-80.14394
"493",2024,"8052",25.63998,-80.10411
"494",2024,"8053",25.58937,-80.10266
"495",2024,"8054",24.46014,-81.84536
"496",2024,"8055",24.45966,-81.84396
"497",2024,"8056",24.46006,-81.84296
"498",2024,"8057",24.54676,-81.40457
"499",2024,"8058",24.54678,-81.40313
"500",2024,"8059",24.54549,-81.40946
"501",2024,"8060",24.62632,-81.11043
"502",2024,"8061",25.61123,-80.099
"503",2024,"8062",25.29904,-80.17017
"504",2024,"8063",25.34321,-80.14794
"505",2024,"8064",25.44634,-80.12106
"506",2024,"8065",25.49947,-80.12086
"507",2024,"8066",25.57372,-80.10287
"508",2024,"8067",25.21639,-80.21851
"509",2024,"8068",25.49191,-80.11147
"510",2024,"8069",25.58891,-80.0981
"511",2024,"8070",25.46928,-80.13325
"512",2024,"8071",25.46647,-80.13241
"513",2024,"8072",24.54502,-81.4061
"514",2024,"8073",25.40334,-80.13417
"515",2024,"8074",24.62589,-81.10961
"516",2024,"8075",24.62488,-81.11191
"517",2024,"8076",25.22167,-80.20995
"518",2024,"8077",25.2185,-80.21521
"519",2024,"8078",25.22751,-80.20597
"520",2024,"8079",25.21897,-80.21183
"521",2024,"8080",25.2244,-80.208
"522",2024,"8081",25.52278,-80.10465
"523",2024,"8082",25.49061,-80.10863
"524",2024,"8083",25.48272,-80.109
"525",2024,"8084",25.21942,-80.21101
"526",2024,"8085",25.48701,-80.10976
"527",2024,"8086",25.33343,-80.17997
"528",2024,"8087",25.20901,-80.21861
"529",2024,"8088",25.56832,-80.10064
"530",2024,"8089",25.21174,-80.2176
"531",2024,"8090",24.4596,-81.84245
"532",2024,"8091",24.45868,-81.84397
"533",2024,"8092",24.45869,-81.84345
"534",2024,"8093",25.30497,-80.15913
"535",2024,"8094",24.54362,-81.40951
"536",2024,"8095",25.30242,-80.16156
"537",2024,"8096",24.54683,-81.40079
"538",2024,"8097",24.5459,-81.40217
"539",2024,"8098",24.5464,-81.4017
"540",2024,"8099",24.62624,-81.108
"541",2024,"8100",24.61459,-81.39289
"542",2024,"8101",25.51177,-80.10557
"543",2024,"8102",24.61458,-81.37965
"544",2024,"8103",25.43431,-80.12064
"545",2024,"8104",24.61401,-81.39243
"546",2024,"8105",25.44925,-80.11423
"547",2024,"8106",25.49707,-80.10481
"548",2024,"8107",25.45473,-80.11323
"549",2024,"8108",25.37216,-80.13615
"550",2024,"8109",25.51824,-80.10063
"551",2024,"8110",24.89771,-80.61798
"552",2024,"8111",25.46979,-80.10949
"553",2024,"8112",25.37129,-80.13659
"554",2024,"8113",25.46427,-80.12411
"555",2024,"8114",24.89637,-80.61949
"556",2024,"8115",24.90454,-80.6155
"557",2024,"8116",24.90404,-80.61802
"558",2024,"8117",25.49435,-80.10355
"559",2024,"8118",25.49163,-80.1043
"560",2024,"8119",25.49237,-80.10422
"561",2024,"8120",25.49324,-80.10435
"562",2024,"8121",25.21311,-80.21904
"563",2024,"8122",25.48234,-80.10546
"564",2024,"8123",25.20939,-80.21904
"565",2024,"8124",25.50106,-80.1016
"566",2024,"8125",25.5457,-80.09423
"567",2024,"8126",25.14037,-80.29441
"568",2024,"8127",25.57585,-80.09176
"569",2024,"8128",25.45254,-80.11256
"570",2024,"8129",25.53994,-80.09484
"571",2024,"8130",25.51672,-80.09722
"572",2024,"8131",25.22479,-80.21002
"573",2024,"8132",25.62968,-80.09006
"574",2024,"8136",25.22032,-80.212
"575",2024,"8145",25.22347,-80.20999
"576",2024,"8146",25.22524,-80.20905
"577",2024,"8147",25.22431,-80.20905
"578",2024,"8149",25.21217,-80.21798
"579",2024,"8152",25.20799,-80.21998
"580",2024,"8153",24.45962,-81.84538
"581",2024,"8155",24.46233,-81.84191
"582",2024,"8157",24.54681,-81.40363
"583",2024,"8173",24.54539,-81.40465
"584",2024,"8174",24.62586,-81.10898
"585",2024,"8176",25.21811,-80.21398
"586",2024,"8181",25.21718,-80.21355
"587",2024,"8183",25.21898,-80.21147
"588",2024,"8185",25.21314,-80.21699
"589",2024,"8186",25.20634,-80.22202
"590",2024,"8189",25.21715,-80.21656
"591",2024,"8191",24.46193,-81.84039
"592",2024,"8192",24.46016,-81.84087
"593",2024,"8195",24.54626,-81.40404
"594",2024,"8200",24.61463,-81.38071
"595",2024,"8202",24.6178,-81.38006
"596",2024,"8211",24.61518,-81.38414
"597",2024,"8238",25.20727,-80.22203
"598",2024,"8240",25.20908,-80.21947
"599",2024,"8246",25.13897,-80.29486
"600",2024,"8252",25.13993,-80.29438
"601",2024,"8253",25.22665,-80.2115
"602",2024,"8283",24.46341,-81.84234
"603",2024,"8284",24.46326,-81.84143
"604",2024,"8297",25.22438,-80.21108
"605",2024,"8298",25.22164,-80.21049
"606",2024,"8302",25.22301,-80.21003
"607",2024,"8305",25.22076,-80.21102
"608",2024,"8306",25.22571,-80.20854
"609",2024,"8312",25.21085,-80.21849
"610",2024,"8313",25.21043,-80.2185
"611",2024,"8325",24.62588,-81.11142
"612",2024,"8326",24.62629,-81.10989
"613",2024,"8329",25.21948,-80.21648
"614",2024,"8356",24.4592,-81.84196
"615",2024,"8358",24.54621,-81.39961
"616",2024,"8367",25.21803,-80.21352
"617",2024,"8382",25.22302,-80.209
"618",2024,"8386",25.20672,-80.22055
"619",2024,"8388",25.21357,-80.21605
"620",2024,"8389",25.20716,-80.22058
"621",2024,"8391",25.20681,-80.22109
"622",2024,"8392",25.20813,-80.2196
"623",2024,"3001",26.72276,-80.02931
"624",2024,"3004",27.1612,-80.1504
"625",2024,"3006",26.71763,-80.0297
"626",2024,"3008",27.11544,-80.12299
"627",2024,"3009",27.11145,-80.13362
"628",2024,"3010",27.14622,-80.13689
"629",2024,"3011",27.15846,-80.14436
"630",2024,"3012",26.94071,-80.03157
"631",2024,"3013",26.96538,-80.03228
"632",2024,"3014",26.72505,-80.01681
"633",2024,"3015",26.86834,-80.0174
"634",2024,"3016",27.02253,-80.06475
"635",2024,"3017",27.00674,-80.06639
"636",2024,"3018",27.0054,-80.06741
"637",2024,"3019",27.01396,-80.06583
"638",2024,"3020",27.02524,-80.06473
"639",2024,"3021",27.02298,-80.06474
"640",2024,"3023",26.8361,-80.01176
"641",2024,"3024",27.05534,-80.0428
"642",2024,"3025",26.9985,-80.02555
"643",2024,"3026",27.00902,-80.06889
"644",2024,"3027",26.99228,-80.02477
"645",2024,"3028",26.80498,-80.01097
"646",2024,"3029",26.91941,-80.03631
"647",2024,"3030",26.95575,-80.0114
"648",2024,"3031",26.86302,-79.99618
"649",2024,"3032",26.96753,-80.00424
"650",2024,"3033",26.8799,-79.99496
"651",2024,"3034",26.84751,-79.99739
"652",2024,"3035",26.84917,-79.99862
"653",2024,"3036",26.75891,-80.00437
"654",2024,"3037",26.85149,-80.00089
"655",2024,"3038",26.91466,-80.00511
"656",2024,"3039",26.74302,-80.00866
"657",2024,"3040",26.89881,-80.03273
"658",2024,"3041",26.92876,-80.03519
"659",2024,"3042",26.83636,-80.01163
"660",2024,"3043",26.92665,-80.01046
"661",2024,"3044",26.86317,-80.01467
"662",2024,"3045",27.07567,-80.04515
"663",2024,"3046",27.05256,-80.03324
"664",2024,"3047",27.05435,-80.0302
"665",2024,"3049",27.05348,-80.03474
"666",2024,"3050",27.1763,-80.04127
"667",2024,"3051",27.08957,-80.03191
"668",2024,"3053",27.12482,-80.03817
"669",2024,"3054",27.06481,-80.04221
"670",2024,"3056",27.14513,-80.03851
"671",2024,"3057",27.02857,-80.02286
"672",2024,"3058",27.17494,-80.04027
"673",2024,"3059",27.03492,-80.02734
"674",2024,"3060",27.13475,-80.03859
"675",2024,"3061",27.10313,-80.03432
"676",2024,"3062",27.04185,-80.05098
"677",2024,"3063",27.03728,-80.04245
"678",2024,"3064",27.07736,-80.0295
"679",2024,"3065",27.05211,-80.03325
"680",2024,"3067",27.02407,-80.02441
"681",2024,"3068",27.09635,-80.03387
"682",2024,"3069",27.02226,-80.02493
"683",2024,"3070",27.06256,-80.04324
"684",2024,"3071",27.18578,-80.04169
"685",2024,"3074",26.74669,-80.01295
"686",2024,"3075",26.79166,-80.01142
"687",2024,"3076",26.77135,-80.0106
"688",2024,"3078",27.09861,-80.03386
"689",2024,"3079",27.05623,-80.04179
"690",2024,"3080",26.11663,-80.09488
"691",2024,"3081",25.86403,-80.10303
"692",2024,"3082",25.9402,-80.10222
"693",2024,"3083",25.80307,-80.10745
"694",2024,"3084",25.9111,-80.10266
"695",2024,"3085",26.15332,-80.09133
"696",2024,"3086",25.98512,-80.0871
"697",2024,"3087",25.83193,-80.10825
"698",2024,"3088",26.17376,-80.09005
"699",2024,"3089",25.82868,-80.11147
"700",2024,"3090",26.13814,-80.09353
"701",2024,"3091",26.18581,-80.08556
"702",2024,"3092",25.76595,-80.09667
"703",2024,"3093",25.80622,-80.1039
"704",2024,"3094",25.77283,-80.11363
"705",2024,"3095",26.013,-80.10612
"706",2024,"3096",25.82425,-80.10878
"707",2024,"3097",26.0563,-80.10207
"708",2024,"3098",26.07464,-80.10737
"709",2024,"3099",26.04503,-80.10264
"710",2024,"3100",26.216,-80.08537
"711",2024,"3101",26.03708,-80.10421
"712",2024,"3102",25.95695,-80.1054
"713",2024,"3103",26.22323,-80.08333
"714",2024,"3104",25.79147,-80.10097
"715",2024,"3105",26.11054,-80.09715
"716",2024,"3106",25.78182,-80.09808
"717",2024,"3107",25.90954,-80.10121
"718",2024,"3108",25.94426,-80.11089
"719",2024,"3109",26.12623,-80.09844
"720",2024,"3110",25.89794,-80.10211
"721",2024,"3111",26.09973,-80.09824
"722",2024,"3112",26.00798,-80.10071
"723",2024,"3113",26.78384,-80.0075
"724",2024,"3114",26.26076,-80.07702
"725",2024,"3115",26.38085,-80.0615
"726",2024,"3116",26.38505,-80.06085
"727",2024,"3117",26.32536,-80.07225
"728",2024,"3120",26.70671,-80.03044
"729",2024,"3121",26.68302,-80.03149
"730",2024,"3125",26.03987,-80.09932
"731",2024,"3126",26.01965,-80.10033
"732",2024,"3127",26.08652,-80.10408
"733",2024,"3128",26.02873,-80.10092
"734",2024,"3129",25.77747,-80.09617
"735",2024,"3130",26.2157,-80.08181
"736",2024,"3131",25.99531,-80.09708
"737",2024,"3132",26.177,-80.09333
"738",2024,"3133",25.87542,-80.10659
"739",2024,"3134",26.1664,-80.08722
"740",2024,"3135",26.06551,-80.09974
"741",2024,"3136",26.0479,-80.10568
"742",2024,"3137",25.93891,-80.10891
"743",2024,"3138",25.99792,-80.08708
"744",2024,"3139",26.03373,-80.09947
"745",2024,"3140",25.87433,-80.10153
"746",2024,"3141",26.1763,-80.08654
"747",2024,"3142",25.87473,-80.10097
"748",2024,"3143",26.0486,-80.09811
"749",2024,"3144",26.1395,-80.09113
"750",2024,"3145",25.83868,-80.09336
"751",2024,"3146",26.22784,-80.07984
"752",2024,"3147",26.21025,-80.08457
"753",2024,"3148",26.01011,-80.10115
"754",2024,"3149",26.13118,-80.09205
"755",2024,"3150",26.12703,-80.09432
"756",2024,"3151",26.31862,-80.06701
"757",2024,"3152",26.38195,-80.06116
"758",2024,"3153",26.29731,-80.0686
"759",2024,"3154",26.30237,-80.06809
"760",2024,"3155",26.71013,-80.02963
"761",2024,"3157",26.68082,-80.03091
"762",2024,"3159",26.69111,-80.03121
"763",2024,"3160",26.71672,-80.03111
"764",2024,"3161",26.05548,-80.08713
"765",2024,"3162",25.79305,-80.08663
"766",2024,"3163",26.02185,-80.0884
"767",2024,"3165",25.85182,-80.09212
"768",2024,"3166",25.98152,-80.09722
"769",2024,"3167",25.91919,-80.09908
"770",2024,"3168",25.98118,-80.09122
"771",2024,"3170",25.95676,-80.09905
"772",2024,"3171",26.16458,-80.08244
"773",2024,"3172",25.76748,-80.09405
"774",2024,"3173",25.90133,-80.09545
"775",2024,"3174",25.99955,-80.10034
"776",2024,"3175",25.79373,-80.09687
"777",2024,"3176",26.17028,-80.08144
"778",2024,"3177",25.91566,-80.09182
"779",2024,"3178",26.04935,-80.09799
"780",2024,"3179",26.13388,-80.07963
"781",2024,"3180",25.96739,-80.0899
"782",2024,"3181",26.10731,-80.08969
"783",2024,"3182",26.11001,-80.0926
"784",2024,"3183",25.99542,-80.0895
"785",2024,"3184",26.00004,-80.09243
"786",2024,"3185",25.96606,-80.09734
"787",2024,"3186",26.171,-80.0811
"788",2024,"3187",25.98453,-80.0922
"789",2024,"3188",25.98387,-80.09175
"790",2024,"3189",25.99497,-80.09942
"791",2024,"3190",25.84795,-80.09242
"792",2024,"3191",25.99925,-80.09515
"793",2024,"3192",26.17649,-80.07574
"794",2024,"3193",25.83752,-80.09352
"795",2024,"3194",26.17682,-80.08468
"796",2024,"3195",25.88826,-80.1002
"797",2024,"3196",25.98508,-80.0967
"798",2024,"3197",25.89659,-80.0993
"799",2024,"3198",25.95772,-80.09668
"800",2024,"3199",26.2915,-80.06887
"801",2024,"3200",26.26413,-80.07208
"802",2024,"3201",26.30045,-80.06761
"803",2024,"3202",26.26571,-80.07127
"804",2024,"3203",26.29634,-80.06827
"805",2024,"3204",26.30383,-80.06033
"806",2024,"3205",26.55932,-80.02746
"807",2024,"3206",26.62038,-80.02285
"808",2024,"3207",26.6913,-80.01792
"809",2024,"3208",26.52946,-80.03021
"810",2024,"3209",26.42367,-80.05003
"811",2024,"3210",26.55227,-80.0304
"812",2024,"3211",26.1293,-80.07932
"813",2024,"3212",25.95467,-80.089
"814",2024,"3213",26.04499,-80.09395
"815",2024,"3214",25.93906,-80.08904
"816",2024,"3215",26.22699,-80.06913
"817",2024,"3216",25.88092,-80.09985
"818",2024,"3217",26.22702,-80.07655
"819",2024,"3218",26.06963,-80.09258
"820",2024,"3219",25.77137,-80.08827
"821",2024,"3220",26.13679,-80.08316
"822",2024,"3221",26.03349,-80.08788
"823",2024,"3222",26.2098,-80.07041
"824",2024,"3223",26.24906,-80.06511
"825",2024,"3224",26.23462,-80.07491
"826",2024,"3225",25.80073,-80.09599
"827",2024,"3226",26.15603,-80.08165
"828",2024,"3227",26.02954,-80.08785
"829",2024,"3228",26.06644,-80.08605
"830",2024,"3229",26.05896,-80.0914
"831",2024,"3230",26.06105,-80.0925
"832",2024,"3231",26.24333,-80.0705
"833",2024,"3232",25.83547,-80.08867
"834",2024,"3233",26.03343,-80.08921
"835",2024,"3234",25.96505,-80.08879
"836",2024,"3235",26.12173,-80.08461
"837",2024,"3236",25.8647,-80.08803
"838",2024,"3237",26.17644,-80.07409
"839",2024,"3238",25.77137,-80.08827
"840",2024,"3239",26.17554,-80.0807
"841",2024,"3240",26.26676,-80.06506
"842",2024,"3241",26.2714,-80.07071
"843",2024,"3242",26.32712,-80.05927
"844",2024,"3243",26.37471,-80.0546
"845",2024,"3244",26.32641,-80.05788
"846",2024,"3245",26.38093,-80.05288
"847",2024,"3246",26.52139,-80.03164
"848",2024,"3247",26.60733,-80.02338
"849",2024,"3248",26.62637,-80.02329
"850",2024,"3249",26.46692,-80.04383
"851",2024,"3250",26.40221,-80.0517
"852",2024,"3251",26.61547,-80.02326
"853",2024,"3252",25.94403,-80.08747
"854",2024,"3253",25.8517,-80.08647
"855",2024,"3254",25.97808,-80.08732
"856",2024,"3256",25.96761,-80.08808
"857",2024,"3257",25.92603,-80.08734
"858",2024,"3258",26.34542,-80.05424
"859",2024,"3259",26.37418,-80.05256
"860",2024,"3260",26.38785,-80.0512
"861",2024,"3261",26.37545,-80.05249
"862",2024,"3262",26.51761,-80.03006
"863",2024,"3263",26.59964,-80.0233
"864",2024,"3264",26.40356,-80.04944
"865",2024,"3265",26.62919,-80.01977
"866",2024,"3266",26.58933,-80.02337
"867",2024,"3267",26.61282,-80.02115
"868",2024,"3268",26.60706,-80.02244
"869",2024,"3269",26.24874,-80.06343
"870",2024,"3270",25.89832,-80.08783
"871",2024,"3271",26.18335,-80.07188
"872",2024,"3272",26.18038,-80.07186
"873",2024,"3273",25.84037,-80.08667
"874",2024,"3274",26.14102,-80.07729
"875",2024,"3275",26.21113,-80.06898
"876",2024,"3276",26.03602,-80.08573
"877",2024,"3277",25.95345,-80.08721
"878",2024,"3278",25.84737,-80.08622
"879",2024,"3279",25.7701,-80.08672
"880",2024,"3280",26.16532,-80.07372
"881",2024,"3281",26.24596,-80.06447
"882",2024,"3282",26.098,-80.08182
"883",2024,"3283",25.8056,-80.0847
"884",2024,"3284",26.15444,-80.07663
"885",2024,"3285",26.20603,-80.06873
"886",2024,"3286",25.96421,-80.08835
"887",2024,"3287",26.23285,-80.06674
"888",2024,"3288",26.30149,-80.05987
"889",2024,"3289",26.2927,-80.06012
"890",2024,"3290",26.35712,-80.0532
"891",2024,"3291",26.28001,-80.06081
"892",2024,"3292",26.37111,-80.05351
"893",2024,"3293",26.29719,-80.05962
"894",2024,"3294",26.49468,-80.03654
"895",2024,"3295",26.47324,-80.04184
"896",2024,"3296",26.54341,-80.02749
"897",2024,"3297",26.41899,-80.04791
"898",2024,"3298",26.42872,-80.04809
"899",2024,"3299",26.68345,-80.01765
"900",2024,"3302",27.10597,-80.12357
"901",2024,"3309",27.10731,-80.12154
"902",2024,"3350",27.06613,-80.03767
"903",2024,"3354",27.04939,-80.03126
"904",2024,"3355",27.12346,-80.03768
"905",2024,"3359",27.02543,-80.02642
"906",2024,"3371",27.00687,-80.01751
"907",2024,"3377",27.00506,-80.01803
"908",2024,"3379",27.03086,-80.02839
"909",2024,"3400",25.79325,-80.09732
"910",2024,"2000",24.64936,-83.06195
"911",2024,"2001",24.63688,-83.06643
"912",2024,"2002",24.6464,-83.03654
"913",2024,"2004",24.6414,-83.07048
"914",2024,"2007",24.63026,-83.06066
"915",2024,"2008",24.61461,-83.07679
"916",2024,"2009",24.60668,-83.06782
"917",2024,"2010",24.61339,-83.04932
"918",2024,"2012",24.63976,-83.07747
"919",2024,"2013",24.64332,-83.03709
"920",2024,"2014",24.63339,-83.02834
"921",2024,"2016",24.63061,-83.08679
"922",2024,"2017",24.6111,-83.07629
"923",2024,"2019",24.60796,-83.0755
"924",2024,"2021",24.61948,-83.08982
"925",2024,"2022",24.62937,-83.07627
"926",2024,"2023",24.6397,-83.07939
"927",2024,"2024",24.61669,-83.04455
"928",2024,"2025",24.63004,-83.05684
"929",2024,"2026",24.61794,-83.08736
"930",2024,"2027",24.60613,-83.07569
"931",2024,"2029",24.62892,-83.08097
"932",2024,"2031",24.6471,-83.07873
"933",2024,"2032",24.64118,-83.09041
"934",2024,"2033",24.62638,-83.09077
"935",2024,"2034",24.61064,-83.07427
"936",2024,"2035",24.59524,-83.04914
"937",2024,"2036",24.63467,-83.10183
"938",2024,"2039",24.5938,-83.04662
"939",2024,"2040",24.59199,-83.0493
"940",2024,"2042",24.63954,-83.02167
"941",2024,"2045",24.62501,-83.09816
"942",2024,"2046",24.60901,-83.04129
"943",2024,"2047",24.58197,-83.05332
"944",2024,"2049",24.62137,-83.09962
"945",2024,"2052",24.64274,-83.01058
"946",2024,"2054",24.63967,-83.01596
"947",2024,"2055",24.64476,-83.01146
"948",2024,"2058",24.63681,-83.02042
"949",2024,"2059",24.64851,-83.01514
"950",2024,"2060",24.662,-83.0378
"951",2024,"2061",24.66277,-83.0407
"952",2024,"2062",24.66025,-83.04532
"953",2024,"2063",24.69547,-82.99954
"954",2024,"2064",24.68151,-82.9992
"955",2024,"2065",24.65469,-83.06996
"956",2024,"2066",24.65928,-83.08841
"957",2024,"2067",24.66614,-83.044
"958",2024,"2068",24.67729,-83.05457
"959",2024,"2069",24.6783,-83.04508
"960",2024,"2072",24.66353,-83.0437
"961",2024,"2073",24.65024,-83.06101
"962",2024,"2074",24.69765,-83.05308
"963",2024,"2075",24.66413,-83.0923
"964",2024,"2076",24.69864,-83.0368
"965",2024,"2077",24.67082,-83.07449
"966",2024,"2078",24.65531,-83.0971
"967",2024,"2079",24.71652,-82.98555
"968",2024,"2080",24.66777,-83.06812
"969",2024,"2081",24.65621,-83.08025
"970",2024,"2082",24.66395,-83.07063
"971",2024,"2084",24.68205,-83.07178
"972",2024,"2088",24.65215,-83.05645
"973",2024,"2089",24.67911,-83.03746
"974",2024,"2090",24.71009,-82.99691
"975",2024,"2092",24.67017,-83.0552
"976",2024,"2093",24.67818,-83.06245
"977",2024,"2094",24.71643,-82.98655
"978",2024,"2095",24.70092,-83.04469
"979",2024,"2096",24.65457,-83.08039
"980",2024,"2097",24.68464,-83.05023
"981",2024,"2098",24.67426,-83.08356
"982",2024,"2099",24.66547,-83.00383
"983",2024,"2101",24.66953,-83.07412
"984",2024,"2103",24.65485,-83.09505
"985",2024,"2104",24.67161,-83.08298
"986",2024,"2105",24.69812,-83.04278
"987",2024,"2106",24.65514,-83.09502
"988",2024,"2107",24.67726,-83.05456
"989",2024,"2109",24.67504,-83.05844
"990",2024,"2110",24.67954,-83.06533
"991",2024,"2111",24.67978,-83.07119
"992",2024,"2112",24.6589,-83.08213
"993",2024,"2113",24.69933,-83.04607
"994",2024,"2115",24.67536,-83.01129
"995",2024,"2116",24.68723,-83.02704
"996",2024,"2117",24.6843,-83.03126
"997",2024,"2118",24.68506,-83.00168
"998",2024,"2120",24.69425,-83.00973
"999",2024,"2121",24.67438,-82.98422
"1000",2024,"2123",24.70376,-83.02914
"1001",2024,"2124",24.70247,-83.01939
"1002",2024,"2125",24.68057,-82.98925
"1003",2024,"2126",24.68663,-83.05725
"1004",2024,"2128",24.68256,-83.00055
"1005",2024,"2130",24.65033,-83.01863
"1006",2024,"2131",24.65134,-83.01834
"1007",2024,"2132",24.65603,-83.00115
"1008",2024,"2134",24.69358,-83.00158
"1009",2024,"2135",24.68803,-83.07119
"1010",2024,"2136",24.69231,-83.01185
"1011",2024,"2138",24.68313,-82.98157
"1012",2024,"2139",24.65364,-83.00007
"1013",2024,"2142",24.68677,-83.0519
"1014",2024,"2143",24.69297,-83.0583
"1015",2024,"2144",24.66042,-83.00543
"1016",2024,"2145",24.65841,-83.00851
"1017",2024,"2147",24.64892,-83.01602
"1018",2024,"2149",24.66779,-82.99497
"1019",2024,"2150",24.70697,-83.00728
"1020",2024,"2151",24.67733,-82.99154
"1021",2024,"2152",24.68865,-83.02388
"1022",2024,"2153",24.67855,-83.03609
"1023",2024,"2154",24.69423,-83.06094
"1024",2024,"2155",24.70769,-83.04238
"1025",2024,"2156",24.71209,-82.85574
"1026",2024,"2157",24.59196,-82.88814
"1027",2024,"2159",24.59715,-82.87506
"1028",2024,"2162",24.58615,-82.89969
"1029",2024,"2172",24.67648,-82.78402
"1030",2024,"2173",24.64028,-82.81375
"1031",2024,"2176",24.67517,-82.8259
"1032",2024,"2180",24.63544,-82.93714
"1033",2024,"2185",24.71694,-82.83573
"1034",2024,"2188",24.65716,-82.8684
"1035",2024,"2189",24.657,-82.85043
"1036",2024,"2192",24.59381,-82.89135
"1037",2024,"2194",24.55798,-82.92446
"1038",2024,"2195",24.55957,-82.92266
"1039",2024,"2197",24.63837,-82.85954
"1040",2024,"2198",24.6682,-82.88688
"1041",2024,"2199",24.6532,-82.8552
"1042",2024,"2202",24.6164,-82.98131
"1043",2024,"2203",24.61613,-82.97837
"1044",2024,"2204",24.56068,-82.9277
"1045",2024,"2205",24.56491,-82.92802
"1046",2024,"2206",24.56913,-82.97004
"1047",2024,"2208",24.57345,-82.97403
"1048",2024,"2209",24.71691,-82.78087
"1049",2024,"2211",24.60431,-82.96969
"1050",2024,"2212",24.61135,-82.97314
"1051",2024,"2213",24.61328,-82.97451
"1052",2024,"2214",24.56556,-82.9689
"1053",2024,"2216",24.61965,-82.96313
"1054",2024,"2220",24.70155,-82.92327
"1055",2024,"2221",24.66888,-82.778
"1056",2024,"2222",24.69441,-82.93103
"1057",2024,"2223",24.71926,-82.8628
"1058",2024,"2224",24.71701,-82.85831
"1059",2024,"2225",24.64402,-82.94398
"1060",2024,"2226",24.63489,-82.94253
"1061",2024,"2228",24.7189,-82.79402
"1062",2024,"2229",24.70755,-82.89979
"1063",2024,"2230",24.64732,-82.78682
"1064",2024,"2231",24.63741,-82.81525
"1065",2024,"2232",24.56664,-82.93065
"1066",2024,"2233",24.62393,-82.85646
"1067",2024,"2234",24.67462,-82.78223
"1068",2024,"2235",24.64128,-82.85434
"1069",2024,"2236",24.71823,-82.85639
"1070",2024,"2237",24.6735,-82.82264
"1071",2024,"2240",24.6697,-82.78172
"1072",2024,"2241",24.59724,-82.94953
"1073",2024,"2242",24.71832,-82.78548
"1074",2024,"2243",24.65188,-82.78228
"1075",2024,"2244",24.65069,-82.85659
"1076",2024,"2245",24.69449,-82.92943
"1077",2024,"2246",24.62135,-82.96071
"1078",2024,"2249",24.63204,-82.84828
"1079",2024,"2250",24.63262,-82.90688
"1080",2024,"2251",24.72527,-82.80672
"1081",2024,"2252",24.60636,-82.93307
"1082",2024,"2253",24.6757,-82.82165
"1083",2024,"2254",24.69304,-82.90352
"1084",2024,"2255",24.60451,-82.94081
"1085",2024,"2257",24.72621,-82.80545
"1086",2024,"2259",24.69973,-82.92207
"1087",2024,"2260",24.60911,-82.94438
"1088",2024,"2261",24.56848,-82.97315
"1089",2024,"2262",24.57125,-82.97324
"1090",2024,"2263",24.63846,-82.96751
"1091",2024,"2264",24.57574,-82.9773
"1092",2024,"2265",24.72364,-82.78947
"1093",2024,"2266",24.59822,-82.99538
"1094",2024,"2267",24.56263,-82.91445
"1095",2024,"2268",24.72042,-82.79017
"1096",2024,"2269",24.66243,-82.8383
"1097",2024,"2271",24.58289,-82.96504
"1098",2024,"2274",24.71068,-82.8713
"1099",2024,"2275",24.70975,-82.87823
"1100",2024,"2276",24.71068,-82.87381
"1101",2024,"2277",24.6415,-82.85607
"1102",2024,"2278",24.60899,-82.93319
"1103",2024,"2279",24.64949,-82.93018
"1104",2024,"2280",24.66087,-82.84946
"1105",2024,"2281",24.62036,-82.91884
"1106",2024,"2282",24.60704,-82.93094
"1107",2024,"2284",24.60697,-82.94245
"1108",2024,"2285",24.72024,-82.86146
"1109",2024,"2286",24.64775,-82.93692
"1110",2024,"2289",24.69635,-82.83507
"1111",2024,"2290",24.70274,-82.88694
"1112",2024,"2291",24.69918,-82.88366
"1113",2024,"2292",24.64488,-82.9331
"1114",2024,"2294",24.71266,-82.87115
"1115",2024,"2295",24.60483,-82.94232
"1116",2024,"2296",24.68038,-82.78273
"1117",2024,"2297",24.5437,-82.94419
"1118",2024,"2299",24.5596,-82.94231
"1119",2024,"2305",24.71772,-82.7786
"1120",2024,"2307",24.66143,-82.9309
"1121",2024,"2309",24.72279,-82.82274
"1122",2024,"2310",24.6822,-82.82163
"1123",2024,"2312",24.72029,-82.87732
"1124",2024,"2313",24.70134,-82.9278
"1125",2024,"2314",24.70697,-82.91816
"1126",2024,"2315",24.65481,-82.94091
"1127",2024,"2316",24.71304,-82.9004
"1128",2024,"2317",24.57365,-82.90422
"1129",2024,"2318",24.6268,-82.9096
"1130",2024,"2319",24.6285,-82.96954
"1131",2024,"2322",24.56229,-82.95215
"1132",2024,"2323",24.62825,-82.97812
"1133",2024,"2325",24.56106,-82.96353
"1134",2024,"2327",24.56029,-82.99412
"1135",2024,"2328",24.60537,-82.9951
"1136",2024,"2329",24.60815,-82.99398
"1137",2024,"2331",24.56626,-82.98325
"1138",2024,"2332",24.60049,-82.99602
"1139",2024,"2333",24.56749,-82.98027
"1140",2024,"2334",24.5629,-82.99413
"1141",2024,"2335",24.64023,-82.96657
"1142",2024,"2336",24.58295,-82.88772
"1143",2024,"2337",24.72378,-82.77948
"1144",2024,"2338",24.72254,-82.77417
"1145",2024,"2339",24.55127,-82.96011
"1146",2024,"2340",24.55968,-82.96657
"1147",2024,"2341",24.72199,-82.77657
"1148",2024,"2342",24.63147,-82.78625
"1149",2024,"2343",24.70577,-82.77311
"1150",2024,"2345",24.56804,-82.9618
"1151",2024,"2346",24.5724,-82.89725
"1152",2024,"2347",24.62118,-82.82063
"1153",2024,"2348",24.642,-82.96166
"1154",2024,"2349",24.62308,-82.96396
"1155",2024,"2350",24.57088,-82.96353
"1156",2024,"2351",24.62234,-82.85937
"1157",2024,"2352",24.57227,-82.89754
"1158",2024,"2353",24.72336,-82.84954
"1159",2024,"2354",24.62316,-82.81721
"1160",2024,"2355",24.72084,-82.87538
"1161",2024,"2356",24.70432,-82.77252
"1162",2024,"2357",24.68493,-82.77254
"1163",2024,"2359",24.62677,-82.81064
"1164",2024,"2361",24.64839,-83.07836
"1165",2024,"2368",24.6311,-83.06187
"1166",2024,"2374",24.64016,-83.07454
"1167",2024,"2378",24.63098,-83.08864
"1168",2024,"2381",24.62709,-83.0928
"1169",2024,"2382",24.62008,-83.06007
"1170",2024,"2384",24.62056,-83.06259
"1171",2024,"2389",24.62881,-83.07878
"1172",2024,"2391",24.61748,-83.09097
"1173",2024,"2397",24.60963,-83.0359
"1174",2024,"2398",24.60549,-83.06342
"1175",2024,"2402",24.63595,-83.02572
"1176",2024,"2408",24.59935,-83.04867
"1177",2024,"2410",24.6453,-83.01316
"1178",2024,"2412",24.63789,-83.01546
"1179",2024,"2414",24.62438,-83.10216
"1180",2024,"2416",24.61034,-83.03595
"1181",2024,"2417",24.60063,-83.04606
"1182",2024,"2434",24.65929,-83.09499
"1183",2024,"2435",24.65831,-83.09699
"1184",2024,"2446",24.66433,-83.09015
"1185",2024,"2450",24.70855,-82.99681
"1186",2024,"2466",24.6986,-83.04809
"1187",2024,"2467",24.6745,-83.01202
"1188",2024,"2476",24.65565,-82.9923
"1189",2024,"2477",24.69074,-83.01059
"1190",2024,"2480",24.68338,-82.99122
"1191",2024,"2484",24.65719,-83.00094
"1192",2024,"2489",24.71,-83.04294
"1193",2024,"2490",24.67783,-83.03757
"1194",2024,"2497",24.67501,-82.99268
"1195",2024,"2499",24.68676,-83.05888
"1196",2024,"2506",24.71179,-83.03599
"1197",2024,"2508",24.71364,-83.03758
"1198",2024,"2514",24.65548,-82.99378
"1199",2024,"2515",24.70647,-83.03182
"1200",2024,"2518",24.65945,-82.80251
"1201",2024,"2521",24.59464,-82.87217
"1202",2024,"2531",24.6559,-82.8475
"1203",2024,"2532",24.71095,-82.79425
"1204",2024,"2533",24.6969,-82.83084
"1205",2024,"2534",24.63271,-82.85857
"1206",2024,"2539",24.64697,-82.87289
"1207",2024,"2540",24.70622,-82.78642
"1208",2024,"2546",24.71793,-82.83744
"1209",2024,"2548",24.71218,-82.86566
"1210",2024,"2550",24.6374,-82.93587
"1211",2024,"2551",24.70969,-82.87428
"1212",2024,"2557",24.63953,-82.82033
"1213",2024,"2560",24.63714,-82.81912
"1214",2024,"2561",24.64132,-82.81859
"1215",2024,"2564",24.72981,-82.78678
"1216",2024,"2571",24.73061,-82.78838
"1217",2024,"2576",24.63124,-82.84997
"1218",2024,"2577",24.66843,-82.78096
"1219",2024,"2579",24.70022,-82.8915
"1220",2024,"2580",24.653,-82.94352
"1221",2024,"2585",24.71376,-82.86741
"1222",2024,"2588",24.70804,-82.87808
"1223",2024,"2591",24.63652,-82.81759
"1224",2024,"2593",24.68074,-82.82038
"1225",2024,"2594",24.59566,-82.95084
"1226",2024,"2595",24.71172,-82.89147
"1227",2024,"2601",24.58504,-82.9667
"1228",2024,"2602",24.57012,-82.91604
"1229",2024,"2604",24.70552,-82.91839
"1230",2024,"2605",24.67591,-82.78304
"1231",2024,"2606",24.57388,-82.91385
"1232",2024,"2607",24.65935,-82.78142
"1233",2024,"2609",24.68598,-82.91889
"1234",2024,"2611",24.69313,-82.91822
"1235",2024,"2612",24.71316,-82.89577
"1236",2024,"2613",24.72836,-82.79792
"1237",2024,"2614",24.69938,-82.89627
"1238",2024,"2616",24.63621,-82.94086
"1239",2024,"2621",24.72135,-82.79172
"1240",2024,"2622",24.72834,-82.79474
"1241",2024,"2623",24.72962,-82.79067
"1242",2024,"2630",24.72228,-82.82037
"1243",2024,"2631",24.7208,-82.83517
"1244",2024,"2632",24.66214,-82.9318
"1245",2024,"2636",24.66565,-82.86375
"1246",2024,"2637",24.72325,-82.82573
"1247",2024,"2638",24.70585,-82.89528
"1248",2024,"2640",24.6479,-82.78285
"1249",2024,"2641",24.69352,-82.91299
"1250",2024,"2644",24.66207,-82.78098
"1251",2024,"2645",24.72479,-82.7993
"1252",2024,"2646",24.65055,-82.93048
"1253",2024,"2647",24.64259,-82.94325
"1254",2024,"2649",24.71802,-82.85431
"1255",2024,"2651",24.719,-82.8543
"1256",2024,"2652",24.69035,-82.91719
"1257",2024,"2657",24.55665,-82.94099
"1258",2024,"2660",24.73084,-82.78537
"1259",2024,"2661",24.55879,-82.93687
"1260",2024,"2665",24.71872,-82.78255
"1261",2024,"2668",24.68723,-82.77288
"1262",2024,"2671",24.66033,-82.93477
"1263",2024,"2674",24.69946,-82.92949
"1264",2024,"2677",24.72455,-82.82084
"1265",2024,"2686",24.65306,-82.95586
"1266",2024,"2689",24.62175,-82.98663
"1267",2024,"2698",24.72219,-82.77873
"1268",2024,"2704",24.71362,-82.77559
"1269",2024,"2705",24.64352,-82.78771
"1270",2024,"2711",24.68293,-82.77352
"1271",2024,"2713",24.62982,-82.91113
"1272",2024,"2715",24.65357,-82.95345
"1273",2024,"2719",24.72647,-82.8239
"1274",2024,"2738",24.6066,-82.9787
"1275",2024,"2739",24.59014,-82.97661
"1276",2024,"2740",24.59309,-82.98398
"1277",2024,"2741",24.54601,-82.93171
"1278",2024,"2743",24.54684,-82.95454
"1279",2024,"2744",24.55265,-82.93394
"1280",2024,"2748",24.56504,-82.97815
"1281",2024,"2749",24.60357,-82.9962
"1282",2024,"2750",24.56243,-82.97939
"1283",2024,"2751",24.6067,-82.9948
"1284",2024,"2752",24.60732,-82.99383
"1285",2024,"2753",24.56524,-82.97442
"1286",2024,"2755",24.54972,-82.96243
"1287",2024,"2757",24.59359,-82.98225
"1288",2024,"2758",24.59738,-82.97382
"1289",2024,"2759",24.56745,-82.97171
"1290",2024,"2760",24.54939,-82.93076
"1291",2024,"2761",24.54858,-82.95601
"1292",2024,"2762",24.54804,-82.94531
"1293",2024,"2763",24.54591,-82.92924
"1294",2024,"2764",24.58355,-82.98844
"1295",2024,"2765",24.54499,-82.94065
"1296",2024,"2766",24.54469,-82.95484
